gender,age,height,weight,marital_status,education,income
0,30,158.635601342268,47.9992685274878,not married,high,1
0,60,156.594755739944,45.7776595758316,married,elementary,1
1,50,172.702879908924,62.6530229158653,married,univ,1
0,50,154.178599757856,43.8877028774368,married,high,2
1,40,178.385816045353,66.2393144492106,married,middle,1
1,20,177.548258460633,64.2243529106205,married,univ,3
1,30,173.204996244598,61.4414900670206,not married,univ,2
0,50,161.585327742714,51.3825911847962,not married,middle,2
1,50,174.539948347745,65.162226111045,not married,univ,3
0,20,161.725363685478,53.4307141583734,not married,high,2
1,40,174.335260336375,66.8060655664832,not married,high,2
0,30,158.132602894445,48.3709113715322,not married,middle,1
1,40,179.841532356561,70.7001253861667,married,high,2
0,40,153.810193368168,42.4930515331286,married,high,2
1,30,166.489164203283,55.8452123394035,not married,univ,3
0,40,156.314370214895,45.7962509675578,married,univ,2
1,50,177.737513412802,68.364263587476,married,univ,3
0,70,150.250757930488,40.8975152522456,married,high,2
0,30,161.59972796849,51.2965779752991,married,univ,2
0,20,0,46.5661826647681,not married,univ,3
1,30,182.81408497568,68.2397958360313,married,middle,2
0,50,156.9661742431,45.7216359887744,married,univ,2
1,40,166.75333134964,59.9808173351524,not married,high,3
0,20,161.349015138201,49.7431300311362,not married,high,2
0,30,162.381290175925,52.5472498247152,not married,middle,2
1,20,175.174243422992,64.1092650216706,married,univ,2
1,20,174.713156046704,63.2494760444222,not married,high,3
1,70,168.443183429441,61.2516362974928,married,univ,3
1,50,171.444534945163,60.9375102240616,married,univ,3
1,50,173.300594187209,NA,married,univ,3
0,40,156.588463662095,47.549416947786,married,univ,2
0,70,150.429420879071,40.8498192412432,married,middle,1
0,50,157.333088508356,46.4154191034262,married,univ,2
0,20,159.970237132478,48.7910600110452,not married,univ,3
0,30,162.146242423394,51.2562553482323,not married,high,3
0,50,156.683492080849,45.8631166713228,married,high,1
0,30,159.513867969152,49.387039833855,married,univ,2
0,50,151.720421359166,41.8170880236952,married,high,3
1,60,181.372891982947,73.539445434558,married,univ,2
1,70,169.438142163698,63.0025413407468,married,middle,2
1,30,175.572948259905,67.2841804107084,not married,univ,3
0,40,158.372334185704,48.6005181179891,married,univ,2
1,50,169.180429157704,58.4243841081055,married,high,2
1,20,175.366207511978,68.1119874917856,not married,univ,3
0,40,156.175901117566,45.8081096190979,married,high,2
1,20,177.530097664565,70.5779511958536,married,univ,3
1,30,175.878567813921,67.7430044173582,not married,univ,3
1,50,167.245106824574,53.0781514924203,married,univ,2
0,60,161.614615592181,51.8244440809829,married,univ,2
0,30,157.123106744141,46.3219131499146,not married,NA,1
0,40,157.508224135798,47.8951023142328,married,univ,3
0,20,158.621088818282,50.0212342375051,not married,univ,3
0,30,154.495759653118,43.6683647887241,not married,univ,2
1,40,172.690123498532,60.5360870637501,married,high,3
1,20,173.400747402274,66.0673374860915,married,high,3
1,30,180.697944956339,71.6980985072896,not married,univ,3
1,40,169.677746169126,59.16804544139,married,high,2
1,60,163.412591003873,55.8410641445851,married,univ,2
0,20,156.188443760682,46.5926323085481,not married,high,3
1,50,168.850359275088,59.8496342199019,not married,univ,2
0,20,155.843495295969,47.1095741804233,not married,middle,1
0,30,157.941220092265,46.6419553012174,married,univ,3
1,40,169.678229466276,58.4702978806204,married,high,3
1,20,173.11011338066,63.1079964785361,not married,univ,3
0,30,165.339676879637,56.1711203976087,married,univ,3
0,40,152.863789934739,42.5847558267001,not married,univ,3
0,30,159.887616731506,50.0617308299606,married,univ,2
0,40,157.557992328629,48.6307845224608,married,univ,1
1,50,166.100776385924,57.2429630780495,married,univ,1
1,50,172.631436139787,60.5850833017325,married,high,2
1,50,170.154161503689,61.0210675856888,not married,univ,2
0,40,156.186803978201,46.5342629746833,not married,univ,3
1,20,179.55971551684,68.3927623291622,married,univ,2
0,30,157.736637308089,48.6432127421027,not married,high,2
1,20,175.789628399972,66.5607564690573,not married,high,1
0,70,155.499665103992,44.9891563524805,married,univ,1
1,50,174.804441897829,64.2145663648808,married,univ,2
0,20,156.107932026547,46.6908914594792,not married,univ,2
0,60,155.967735553078,45.0378481242163,married,high,2
0,60,154.513516462216,45.4199470633931,married,high,1
0,50,160.574695669486,49.4924454596277,married,high,1
1,70,174.395712617729,66.0364661890531,married,middle,3
1,50,162.656731867518,49.1978081626528,married,univ,3
0,30,155.967705074488,45.7329848215226,not married,univ,3
1,50,169.612307203845,57.2454657646471,married,univ,3
0,20,156.894921123357,45.8086116436921,not married,univ,3
1,70,180.399858117957,72.4090290996073,married,univ,3
1,30,171.293647100082,62.2489478629684,not married,high,2
0,40,154.538914290587,44.108103930577,married,univ,1
0,20,162.315842039164,50.6911664180088,not married,elementary,1
0,40,160.560652902201,50.668042347512,married,high,1
1,30,175.069255413991,66.9275009731783,not married,high,3
0,40,152.583623532567,44.8933581692502,married,high,3
0,50,149.966081766648,39.1042270169654,married,high,2
0,30,155.01474995986,44.2832032147652,married,middle,1
1,60,173.400141453941,61.5906520982572,married,univ,3
0,50,155.034358095728,45.6599398970829,not married,univ,3
0,30,153.074579438598,43.19801925166,not married,middle,2
0,40,156.72185100336,45.612390037695,married,univ,3
1,30,0,58.1919387033531,not married,high,2
0,70,157.788289988058,46.9274110977652,married,middle,1
0,50,151.296505256727,42.3884652741265,married,high,2
0,30,154.350633984823,44.3785617948848,not married,high,3
0,50,152.966055047996,45.1624064070333,not married,high,2
0,50,154.517155423094,43.3581078870951,married,middle,1
0,30,152.405109194822,42.6462944878002,not married,univ,3
1,60,173.062054956587,61.721392332815,married,high,2
0,50,155.385144398771,44.8887967217112,not married,univ,3
1,20,165.303721194418,56.2223718011349,not married,univ,3
0,40,155.030139575936,42.7976827466639,married,high,1
1,60,169.163847640636,57.3545039076805,married,high,1
0,20,149.557662525718,37.6914515768972,not married,high,1
1,20,180.039803248578,67.3840745613517,not married,high,2
1,50,168.734212257584,56.696147562978,married,middle,1
1,40,172.838200591966,61.0716282921105,married,univ,3
0,20,158.521592662729,49.44145086705,not married,univ,3
0,30,153.133726916572,44.7591444985876,not married,univ,3
0,40,157.808078312368,46.1581189196307,married,univ,2
1,40,173.550333934314,65.4553720312254,married,elementary,1
1,30,172.919820795413,63.0480502630549,married,univ,2
0,20,156.089445345664,45.8504589066508,not married,univ,2
0,60,153.649603287014,43.2348799763955,married,univ,3
1,20,176.016369402653,64.0370898412543,married,univ,3
0,30,153.536348311424,43.7152344586849,not married,univ,2
1,30,180.533293015951,70.7172509280612,not married,univ,2
1,30,172.153845773938,63.0087216969373,not married,high,3
1,40,180.825596103626,70.9017476889757,married,univ,3
1,20,174.831572003371,66.5166328010799,not married,univ,2
0,40,150.401632415357,41.0184505180355,not married,univ,3
0,50,156.910539767333,47.648798112154,married,univ,3
0,50,153.379929318122,44.5050377580884,married,univ,2
1,50,163.035905494938,53.5818922653523,married,univ,3
0,40,157.112285758926,45.4794365947169,married,univ,3
0,40,153.188413384688,44.3486873948271,not married,univ,3
0,50,155.568774540128,43.177497339805,married,elementary,1
1,40,169.63497971601,59.8967024520701,married,univ,3
0,60,154.060149646834,44.5179548442356,not married,high,1
1,30,170.592347292604,62.818777419792,not married,univ,3
1,30,166.40978443162,57.4848833233497,married,univ,3
0,40,157.957559517841,48.1842244889818,married,univ,1
0,50,159.108798223423,49.0427446132041,married,high,2
0,30,154.513905118043,45.109336188634,not married,elementary,2
0,40,153.899845402088,43.3807844268553,married,univ,2
0,70,156.028873212065,46.6495582477542,married,univ,3
1,70,170.946070481133,62.4436025568101,married,high,2
0,40,160.56395917524,48.9075827387889,married,univ,3
0,50,149.967639697745,39.3508770065729,married,univ,3
1,70,169.564983108684,59.000233090794,married,high,3
1,40,177.027010804626,68.5135277221721,not married,univ,3
0,20,163.381110952425,53.1244184380761,not married,high,3
0,50,158.474448771821,47.8231550583886,married,univ,3
0,20,154.993178389221,45.5296419434313,not married,middle,3
0,30,156.674792473556,45.9618504314439,married,middle,2
0,60,153.563398509249,43.4172803719938,married,middle,2
0,40,161.370789755146,51.3561081568998,married,high,1
1,20,172.578909427288,64.7569004114482,married,high,1
0,70,162.749420828413,53.7927035755761,married,middle,2
0,60,151.990035857258,41.5988469560371,married,elementary,1
1,20,176.281373516724,65.0082048047168,not married,univ,1
0,20,158.867536092416,49.2032907755845,married,univ,3
0,30,156.897686421204,44.4992175711765,not married,univ,3
0,20,156.359767400075,45.9045966626778,not married,univ,3
1,50,172.584902145061,59.2465033686941,not married,univ,3
0,30,154.040477302795,43.8286897494192,married,high,2
1,40,178.577462437704,69.935423887926,married,univ,2
0,20,151.437058851592,40.9380101446177,not married,univ,3
0,50,155.218156785159,46.2822362507267,married,high,3
0,60,157.584163668554,48.0307904909583,not married,high,2
0,60,156.316870553511,47.2786040368501,married,high,2
0,40,148.969903280148,39.3774738302521,married,high,3
1,30,179.123667147371,72.0668436910941,not married,univ,3
1,20,178.212269585129,68.7439351029872,not married,univ,3
0,20,153.325825092843,43.0045616336928,not married,univ,3
0,40,160.290971126916,49.6095988478149,married,univ,2
1,50,167.234336716953,55.2726186512815,married,high,1
1,40,173.659213464506,62.415656767073,married,univ,3
0,50,158.820806092629,49.1485609379271,married,univ,2
1,40,178.360143245407,71.433225878683,married,univ,2
0,20,159.455853806052,50.3573921677019,not married,univ,3
0,70,154.829316165155,45.4996942047995,married,univ,1
0,20,159.642636801275,48.2674217801844,not married,middle,1
0,20,155.945436832351,45.5303253607133,not married,elementary,1
0,50,154.991892205445,45.0269821766221,married,univ,3
1,70,175.521271948502,68.0784434998106,married,high,3
1,70,177.044346712454,68.6411040487593,married,univ,1
1,30,172.631717105638,63.6360026751881,married,univ,3
1,50,171.837232017481,63.7670577783122,married,high,2
1,70,172.702231077153,61.5621855550921,married,univ,3
0,20,158.42332443411,47.1857241841815,married,univ,2
1,40,171.584651841256,61.5871456426691,married,middle,2
0,40,158.336188295097,48.8764673810316,not married,univ,2
0,60,152.927663284662,43.403260940357,married,high,2
0,40,150.593753563053,42.1835704787667,married,univ,3
1,50,173.955425511881,62.3367750010307,married,middle,2
1,40,174.702173288138,64.3894306023274,married,middle,2
0,40,152.896566106126,43.6145254099009,married,middle,1
1,30,176.269077140479,63.5288449513901,not married,univ,3
0,70,156.201894988364,46.5096092155245,married,middle,2
0,40,158.571461069788,47.5712111630339,married,middle,2
0,60,158.860973502765,47.5451941654919,married,high,3
0,50,160.049777459917,49.7522478517175,married,univ,3
0,40,155.052241904739,42.9451192910742,married,high,1
0,20,154.613258557485,44.8295399015578,not married,univ,3
1,30,172.147530014424,61.9080836299635,not married,high,2
0,50,158.322707168675,46.7299538822624,not married,univ,3
0,30,152.218424839919,42.7698795504497,not married,univ,3
1,70,170.0330716306,58.7979720038295,married,univ,2
0,50,152.666853768272,44.158280871477,married,high,1
1,50,176.549667439994,66.583384231867,married,high,2
1,70,172.067396559437,61.5234972340672,married,high,2
1,60,168.47729076251,54.5390288015853,married,univ,3
1,30,178.430305803654,69.1374833809128,not married,univ,2
0,30,159.931986331257,48.196464496385,married,univ,1
1,50,173.518885772922,65.4326347247295,married,high,1
1,50,177.191685092756,69.3820810888311,married,high,2
1,50,177.874421364911,64.4197463933026,married,high,2
1,30,172.914590527343,63.9292011655669,not married,high,1
1,40,171.108512414283,60.0429420846507,married,univ,3
0,30,153.846568512997,47.0762653721332,not married,univ,3
0,20,157.758982946097,48.1338412718508,not married,univ,3
0,30,154.131454064099,45.0928924077434,not married,univ,1
1,20,180.806877222431,70.6769683520842,not married,univ,2
0,50,161.703872010035,52.7572581739187,married,univ,2
1,50,179.796008517822,72.1484974766926,not married,high,2
1,40,178.016903594089,68.3469551687566,married,high,2
1,60,171.320957028727,61.3785488700523,married,univ,3
0,20,156.375168266264,46.9342666605522,not married,high,2
1,30,167.360386524509,60.934493764847,not married,high,1
1,30,171.090807913395,62.6663289911092,not married,elementary,1
1,40,176.868275766211,68.5413830539513,married,high,2
0,50,160.152906822319,50.1285073456365,not married,univ,2
0,30,157.433356922736,48.7110969362289,not married,univ,2
0,30,159.310684037571,49.668066682661,married,univ,2
0,50,159.119773846961,48.8938621219126,married,high,1
0,60,159.253147698333,49.9913596988243,married,univ,2
0,70,157.351378567403,47.4147883878396,married,univ,2
0,60,151.420028574663,42.5953498024926,married,middle,2
0,50,155.066370669926,44.7754320790116,not married,high,2
0,40,150.968061964781,38.936175135729,not married,univ,3
1,30,167.874971769349,56.5758208154321,not married,high,3
1,30,175.083640960543,65.9335732160417,not married,univ,2
1,40,165.655490622766,58.2223900888041,married,high,2
0,50,156.031375244031,46.3692077669103,married,univ,2
0,50,159.061175549005,48.7730299870251,married,high,3
1,30,174.177776671924,60.8882643622451,not married,univ,3
0,50,153.135190738841,42.2392794645231,married,univ,3
1,50,175.933568295951,65.461249656842,not married,univ,3
1,20,171.337782027855,63.4720568742687,not married,univ,1
1,70,171.103900956665,60.5658112464958,married,univ,1
0,60,163.747779985032,53.5730209765338,married,univ,2
1,40,169.929603615051,59.2853344939303,married,middle,2
0,40,152.106322813969,42.2111682975657,married,univ,2
1,50,175.676674337478,64.2695258082349,married,univ,3
0,30,161.682129367374,52.6501785676983,not married,univ,3
1,30,165.716708955688,55.31359085381,not married,univ,3
0,60,163.418435200586,54.2921792238551,married,univ,1
0,50,161.648539350648,51.4042814440235,married,univ,3
0,70,155.905725612054,46.0189374450674,married,univ,2
0,20,155.434494160425,45.5447072692229,not married,univ,3
0,20,161.787851930148,50.907275097473,married,high,2
1,30,173.574915033627,64.1611308418405,not married,high,3
0,70,155.757558807952,47.5893961817775,married,elementary,2
0,50,154.75180159929,43.7233651557324,not married,univ,2
0,30,160.007531264184,50.143150222481,not married,high,3
0,60,159.65590954809,51.2543298294983,married,univ,2
0,30,151.254845743312,42.7513944663437,not married,high,2
0,40,158.738932087747,48.9085805290294,married,elementary,1
1,60,170.094836236689,59.0259116235663,married,univ,3
0,70,154.74462212182,44.0038777285114,married,univ,3
0,30,156.560428263893,45.3169069279623,married,univ,2
0,40,157.540747057974,47.9791516713805,married,middle,2
0,70,154.623281271098,46.6168206069433,married,high,3
1,50,178.822060543342,69.760900814996,not married,univ,2
0,70,158.612809925662,48.5067830796295,married,high,1
0,40,160.88370382962,49.8980592178876,married,high,2
0,50,157.857315291098,49.5521215967926,married,high,1
1,30,181.138077006089,73.556340667268,not married,high,2
0,50,155.798923315193,47.6051854683689,not married,high,2
1,20,177.19250530506,66.5837478163151,married,high,2
1,70,173.86601666292,63.7178629069408,married,univ,3
0,40,154.48642980174,43.1653688254656,married,univ,2
1,50,170.756227714978,59.1494202821444,married,high,2
0,40,158.058356082418,46.9176758566632,married,univ,2
1,70,171.429344413862,58.9728770991323,married,high,2
0,20,158.727567449766,50.0972671734152,not married,univ,1
1,50,174.32107599022,63.1323822930316,married,univ,3
0,60,154.130272444326,42.9490725497432,married,high,3
0,30,156.994703572762,46.0653552403286,not married,middle,2
0,30,154.881258681013,45.8379923340714,not married,univ,1
0,40,149.938882450944,41.2672608303937,not married,high,1
0,50,154.414163201712,43.2248386879424,married,high,1
1,20,170.619667045234,64.5228079434173,married,univ,3
1,50,167.4627696354,57.8086696543226,married,univ,2
0,20,154.88589394777,44.6980497715082,not married,univ,3
1,30,167.833192878386,59.4804716731286,not married,middle,1
1,30,178.694427178942,70.8165124491326,not married,univ,2
1,70,162.93202392999,52.2253155985016,married,univ,2
0,30,154.580387141638,42.4362438541575,married,univ,3
0,60,155.571865145176,46.0417949696137,married,univ,2
1,70,170.232012145588,58.5312692204856,married,high,2
1,50,179.004963431495,69.2877170684949,not married,high,2
0,40,156.027080611302,45.8540156504882,married,middle,2
1,70,179.973372779699,67.0511569411906,married,high,2
0,30,157.012150936166,45.6365026436026,not married,univ,2
0,50,159.504989131691,50.9964024798578,not married,high,2
1,60,173.930600168142,64.0753489049299,married,univ,3
0,40,159.41664761814,49.6263355214506,married,high,2
1,30,168.721535575431,55.8729453890637,not married,univ,2
0,50,153.853121810748,43.9052202642139,not married,high,3
0,70,158.355100122593,47.8889751690322,married,high,3
1,60,174.963361408588,63.805316310186,married,univ,3
1,20,175.346545078701,61.8411284808554,married,middle,2
0,30,152.840321675582,41.6778722630159,not married,univ,3
0,20,152.979511853405,42.570472014207,not married,univ,2
0,20,157.208766716374,46.8504326883468,not married,univ,3
1,40,168.94244869871,58.1898256576779,married,univ,3
0,40,159.368165953823,50.7756496667404,married,univ,3
0,50,157.557428105874,48.6358354294526,married,univ,3
1,40,172.895808966212,63.7858267807109,married,univ,3
0,50,154.741404973685,43.589649430949,married,univ,3
1,20,176.487519881593,70.9934853162203,not married,middle,2
0,40,161.5594245608,50.1294736907173,married,univ,3
1,30,171.961885458258,62.2754808312396,not married,univ,3
0,70,155.852131193896,45.6526585490924,married,univ,3
1,30,177.682790783735,67.6028316178051,married,univ,2
1,30,172.346646875745,65.2939510128527,not married,middle,2
1,20,179.855442315759,67.001349414556,not married,middle,2
1,40,173.712855745418,65.062663911073,married,univ,2
0,40,156.814547664404,46.9482483370444,married,univ,2
1,50,164.072462525547,50.7051220845442,not married,univ,3
1,40,175.507553293899,67.5546384229598,married,high,2
0,40,158.435037195176,47.5997383583843,not married,univ,3
0,40,155.743416056038,46.2745150082176,married,univ,2
1,50,163.957311064022,55.8432239884671,not married,middle,3
0,30,156.888240657486,47.5321624895917,not married,high,3
0,30,156.23242538493,46.0601401071278,married,middle,1
1,40,169.047401025946,53.9604648529988,married,univ,3
1,50,178.338536300943,69.7671514469111,not married,univ,3
0,40,161.934641942757,51.881529905735,married,univ,2
0,50,154.005052000707,44.1272771931215,married,univ,3
1,60,172.684339588107,63.9058837509738,married,high,2
0,30,160.110667081616,52.2537130431659,not married,high,1
1,20,168.534608290266,59.4366516548961,married,univ,3
1,30,175.331034849096,65.9851674250945,not married,high,2
1,40,178.15655145654,68.6347033852894,married,middle,2
1,40,168.90615177188,59.0689068928888,married,high,2
0,50,155.029602735009,43.5108137769987,not married,middle,3
1,50,176.081939367101,67.0918754219062,not married,univ,3
0,30,152.677874717535,43.6662120055929,married,high,2
1,70,173.29985795525,62.0256065187507,married,univ,2
0,30,152.384350800323,44.0326911023362,not married,high,1
0,40,159.959683600205,50.9004482297481,married,high,2
0,20,152.880176653679,44.0717693528943,not married,univ,3
1,50,168.415747663768,59.8605903643956,married,univ,3
0,20,161.269987334083,53.0438164166191,not married,univ,3
1,70,174.308921784969,64.6211763914066,married,middle,3
1,30,168.426063427679,56.5085812823657,not married,high,2
0,20,160.21204517345,50.0482703485998,not married,univ,3
0,40,154.800420995218,45.5958784477261,not married,middle,3
1,30,172.21767237519,61.4796861402431,not married,univ,2
0,30,160.513236814315,49.7036190997856,not married,elementary,2
1,30,178.747016326319,67.1820219144629,not married,univ,3
0,20,154.481931601457,43.5908029584403,not married,univ,3
0,50,159.45600374506,50.0978837439024,married,univ,2
1,30,174.318960091812,63.3682361942532,not married,univ,3
0,20,163.257069521297,53.8297172146651,married,middle,1
0,40,154.98751857498,46.9925716144674,married,high,2
0,60,160.818828780502,52.3206299978625,married,high,2
1,50,163.387636522289,51.3000269656391,not married,univ,3
0,40,155.215891872632,44.66834886414,married,middle,1
1,60,174.304635198215,63.9610836602749,married,high,2
0,70,154.718684680996,44.6918571719451,married,univ,1
0,60,154.635250374648,43.8600082075975,married,middle,1
1,30,170.096127015551,60.4858316387938,not married,univ,2
0,40,158.216081524795,49.9715378850841,married,elementary,1
1,40,175.263198366293,68.1407201085284,married,univ,3
0,30,161.484623691146,52.5062226991418,not married,middle,2
0,40,154.088012359953,41.6727938018549,not married,high,2
1,70,162.995699398843,50.7852636891199,married,univ,3
1,40,172.829701292196,64.5748881930448,married,high,2
0,60,154.452829229917,44.6894065071144,married,univ,3
0,30,160.262138584497,49.9032716455969,not married,univ,3
0,40,154.131558452772,45.3483815784693,married,middle,1
0,30,162.961900348861,53.8006516743246,not married,univ,3
1,60,173.577360106549,66.4978109619403,married,univ,3
1,20,174.651497074136,67.3653076207252,married,high,3
0,50,155.395249649801,47.2609209941258,married,high,2
0,30,160.82859034745,50.785660585698,not married,high,1
1,20,176.188759143871,69.0698456602556,married,high,1
0,20,157.310955445045,47.8686125888789,not married,univ,3
0,70,159.644142567378,48.767406794707,married,univ,3
0,20,160.675915133882,51.7481318168533,married,high,2
1,20,176.726532717448,66.1045730227448,not married,high,2
0,40,153.337055242336,44.1526811041542,married,high,2
1,20,173.713188667835,62.5940983235027,not married,univ,2
0,70,157.589774533964,47.6179458923018,married,elementary,1
0,60,160.065210437526,49.7342855985023,married,high,2
1,30,172.101719880197,62.6922487342729,not married,high,2
0,40,153.403815338061,44.7982789499634,married,high,2
1,30,176.445403353107,67.8893482882512,married,high,1
0,50,152.819190939669,42.5082663483025,not married,univ,3
1,40,172.837249497687,64.5584861169339,not married,univ,3
1,50,172.139028310327,64.8435874383871,married,univ,1
0,40,158.344756680596,47.1072361418901,married,univ,3
1,30,179.671769534439,67.9142357511462,not married,univ,3
0,30,157.928530973965,50.3543203022088,not married,elementary,2
1,40,169.350573129998,61.643392336689,married,middle,3
0,70,158.965623734203,48.7063019059737,married,univ,3
0,40,162.467358755183,53.1321236102158,married,univ,3
1,20,174.525846005658,63.0878637814811,not married,univ,1
1,40,172.300866217479,66.2140346161136,not married,high,1
1,50,176.77365744425,67.7432291811062,married,high,3
1,20,168.848944186866,59.3216496944837,not married,univ,3
1,50,171.666127924711,60.963508621273,married,univ,2
1,70,180.441440164985,69.5221344439463,married,high,2
0,30,155.15322078927,45.2269153023992,not married,univ,3
0,30,159.607958892608,47.7011492552222,not married,univ,3
1,30,175.80928919844,67.0610943480165,married,univ,2
1,60,174.674136930859,68.5605737263287,married,high,2
1,40,172.608451812856,63.2294999787786,married,univ,3
0,30,154.006532489227,43.1251094138225,not married,high,2
1,30,173.068587430583,65.088595051267,not married,univ,3
0,60,160.865658345708,50.3586203648314,married,univ,2
0,40,159.615498113671,49.1690687726563,not married,elementary,1
0,30,154.149929002268,44.4017001123531,not married,high,2
0,40,161.684476890306,50.3330635430186,married,univ,3
1,20,168.781362913192,55.7697316003587,not married,univ,3
0,60,157.125919333718,45.2340692167157,married,elementary,1
0,50,157.541634513844,46.8500859960781,married,univ,3
1,20,173.800047032029,59.4721856311463,not married,univ,3
1,40,178.92716130447,72.2334579954991,not married,univ,2
1,40,176.773596481191,67.4516736420666,married,univ,3
1,40,178.350136155854,69.508431588685,married,univ,3
0,50,154.821759478591,43.3100348751377,married,univ,2
0,40,164.579693903993,55.3027391541776,married,univ,3
0,40,162.995967657196,51.1680621122658,married,univ,3
0,30,157.358917141785,49.2646329681957,not married,univ,3
0,60,153.728787007638,43.6113287293513,married,univ,1
1,70,172.657037530844,63.7786219606623,married,middle,3
0,50,158.406116408574,50.0747677022527,married,univ,3
0,30,160.438653653004,51.4677749945681,not married,elementary,3
1,50,170.724062754819,58.4677614130055,married,univ,3
1,40,175.654676231338,65.3718988627555,married,univ,2
1,70,173.572754434519,62.199186542198,married,high,2
1,40,175.022120356533,65.8978357874501,married,univ,2
0,70,149.429980225335,38.7068837139095,married,univ,3
0,20,156.252119850464,46.7366901078301,married,univ,2
1,30,167.38720088676,55.49853520852,not married,middle,2
0,40,162.312988338458,53.480924283552,married,middle,2
1,40,167.302963285012,60.3979143664514,married,elementary,3
0,70,151.13796891935,42.8758105877086,not married,middle,2
1,40,181.855129699427,70.1291644931551,married,high,1
0,30,163.962746132447,54.2818114636394,married,high,1
0,30,156.99061919655,46.0783819943698,not married,univ,3
1,20,169.934974156246,58.1475636236319,not married,high,2
0,30,153.840739791664,42.4331396618187,not married,high,1
1,50,169.240701048653,59.2766175981937,married,high,2
0,30,158.233474279093,49.3970789210294,not married,univ,2
1,70,174.369494263898,66.5643880353106,married,high,1
1,40,164.889817446243,55.1427419909693,married,univ,1
1,30,167.900889973422,56.8463872139255,not married,middle,1
1,50,180.693119888204,72.2630963311177,married,univ,3
0,20,159.256860163243,50.6018200919397,not married,univ,3
0,30,157.845918887881,49.2186550103359,not married,high,1
1,30,173.61444759183,65.7419451218145,married,high,1
0,60,150.23976282939,39.6359166854423,married,univ,3
1,40,169.40046047051,57.4786430533925,married,middle,1
1,50,169.238899118384,57.5647812247037,married,high,1
0,30,155.931618355373,46.1377161772718,not married,univ,3
0,20,155.251400007382,45.8100071643442,married,univ,2
0,20,155.427996290853,42.6856963601485,married,univ,3
1,30,174.4351911912,66.2402211622967,not married,univ,2
1,50,173.741069446479,67.2415581454832,married,univ,3
0,30,156.947744232656,47.2142292639992,married,univ,3
1,30,175.022101064403,67.4884176701934,not married,high,1
0,40,158.048236526698,47.2318206029855,married,univ,1
1,30,174.41670904558,62.0855145578014,not married,middle,1
1,40,178.461289518763,66.937008538445,married,univ,2
0,60,158.54533459295,48.6133109809629,married,univ,1
1,70,170.992061276682,58.645120738546,married,univ,2
0,20,157.506816556317,46.9732301633012,not married,high,2
0,60,152.418846249076,42.3104781738534,married,high,2
1,70,163.313901603112,53.6946251846241,married,middle,1
1,20,174.107976629101,64.4229996833231,married,univ,3
0,20,156.189886016615,46.0820762352431,not married,high,2
0,50,159.363134444509,48.8725110108197,married,high,2
0,30,155.851666377031,47.206110543912,not married,high,3
0,30,160.032572061094,49.9943948988646,not married,high,1
0,20,163.591716524789,51.3922547309649,not married,high,2
1,70,172.960121372586,62.9999535541517,married,univ,2
1,20,179.916907190669,65.3058711910384,not married,univ,2
0,20,165.196508749761,56.4972248753233,not married,univ,3
0,50,154.879701941848,43.6745996811612,married,high,1
0,50,157.671159437016,46.8101626785295,not married,high,2
0,30,160.637224803414,49.6073129153023,not married,univ,2
0,20,166.412667817379,56.6045743135092,not married,high,1
1,30,168.123182589757,56.9595979632582,not married,univ,2
0,50,155.940011035107,44.2092728720221,married,univ,3
1,60,177.567024230287,68.9865182913701,married,high,1
1,50,164.69154933344,55.8791062685875,married,univ,3
0,40,159.296237674667,49.1137158669838,married,high,3
0,40,160.101728290042,51.0049352993038,married,univ,3
1,30,167.370133109143,56.4907714036078,married,middle,1
0,20,153.841126895177,44.4676766605004,not married,high,2
0,20,156.185208245989,46.2798297495722,married,high,2
1,60,166.860989798478,56.3384879525481,married,middle,2
0,20,157.709196403506,48.0124331881121,not married,univ,3
1,30,171.88411441212,63.2073519128031,married,univ,2
0,30,158.597199408071,49.7705361811381,married,middle,1
1,30,172.272455799367,57.4294903960829,married,univ,3
1,20,171.280853651375,60.4526028574577,not married,univ,2
0,50,159.804318905489,50.5573421440766,married,middle,2
1,20,175.759113162839,66.8398615927397,not married,univ,1
1,50,172.55598378864,63.7686389019578,not married,univ,3
1,50,167.414651532077,57.9098081748181,married,high,3
0,50,154.475426553848,43.6794827674276,married,high,2
0,30,158.467005369009,47.2300407172684,not married,elementary,1
1,20,177.772596544275,69.6743858298558,not married,univ,2
0,30,158.224868523839,47.5279557921892,not married,elementary,1
1,30,173.123829289732,63.1472784463965,married,middle,2
1,40,170.760613335146,58.7212381170983,not married,univ,3
1,50,170.249058380946,58.262675512743,married,univ,1
0,70,160.24005242549,50.9355876859797,married,univ,3
1,50,167.414531453176,56.1274708582033,married,middle,1
1,30,176.480622852017,64.3629954634726,not married,high,2
1,20,176.232796306193,65.409623732396,not married,univ,3
1,30,172.564287004397,60.661090918445,not married,high,1
0,30,157.001503867975,47.3114739886883,not married,middle,2
1,20,176.566452471462,67.3137975013999,not married,high,3
1,20,176.965267993852,67.9948365836797,married,univ,3
1,70,174.007545311928,68.9330213374149,married,high,2
0,20,153.334791426482,42.868643312039,married,univ,3
0,50,160.14212045277,49.977982550971,married,high,2
1,20,170.990883497715,60.6221755974548,not married,high,2
0,30,157.50400616566,47.9206111856717,married,univ,1
1,50,168.095010498619,56.305839747398,married,high,2
0,50,154.08198058576,44.2326775616047,married,univ,3
0,40,157.744316281037,48.3408173419668,married,univ,3
0,20,157.024419925255,48.0317331844327,married,univ,3
0,50,159.396308913025,48.3193212375626,not married,univ,3
1,40,173.721272256209,64.0706302764015,married,high,3
0,20,162.045706429548,53.4530428271482,not married,univ,3
1,20,174.595879147523,65.9101298840117,not married,univ,3
0,70,162.328768425447,53.0803974962038,married,high,1
0,20,154.330945616504,44.4198052861845,not married,high,2
1,70,172.444021056863,61.9068032207034,married,univ,2
0,30,159.119947837812,49.2806253072041,not married,univ,2
1,30,167.892333113146,61.5222129468442,married,univ,3
0,20,155.244543705221,44.962535987939,not married,high,3
0,70,160.954130702343,50.1449994129633,married,univ,3
1,30,176.769716606147,64.8244566529927,not married,univ,3
0,70,153.992381075701,45.5814827411814,married,univ,3
1,70,178.123507617737,69.126713612705,married,univ,2
1,50,173.741985712056,65.6744714902327,married,univ,2
1,60,170.877623411636,61.5531461472225,married,univ,2
0,50,161.409050307604,52.067656410249,married,univ,2
1,20,171.645542153368,63.7431849444318,not married,univ,2
0,30,156.18783362,47.2794172735051,not married,univ,3
1,40,174.762299184657,65.5354076162358,married,high,3
0,60,156.035540245039,48.6631563456133,married,high,2
0,70,153.085855943111,43.0371399616778,married,high,3
1,20,168.849245193548,58.8760491681402,not married,univ,2
0,60,153.083071271289,42.5098019459593,married,high,2
1,30,163.680174269124,52.336527350871,not married,high,2
0,40,151.99230233346,42.153955186487,married,high,1
1,30,176.098207507238,65.6633847937325,not married,univ,2
0,70,155.433352751645,44.3585800419086,married,high,2
1,50,175.597931905179,67.0141975847257,not married,high,1
1,20,178.314237681684,64.4508926213767,not married,middle,1
0,30,157.616762650409,46.7239658430661,not married,univ,3
0,20,157.543206080345,47.5844555987458,not married,univ,3
0,40,153.32466749411,43.7464267903683,married,elementary,1
1,40,172.7978074676,62.5134455846307,not married,elementary,1
1,30,182.734383157066,75.1902605292072,not married,univ,2
1,60,173.21359888402,59.8706732160492,married,univ,2
0,50,160.411740043606,50.8208881045527,married,univ,2
0,60,156.585019457604,47.831724444199,married,high,2
0,50,158.56252732381,48.5897702980381,married,univ,2
1,30,170.934479426546,57.1440436476078,not married,univ,3
0,70,159.335454136255,48.9999987231958,married,univ,3
0,40,161.172538039805,51.5481434461021,married,elementary,1
0,70,151.914440054437,41.6552112481383,married,univ,1
0,70,156.783852100405,46.7589427593612,married,univ,2
1,20,173.263016757818,62.6127192169891,not married,elementary,1
1,50,170.727519994564,61.2193347780809,married,univ,2
0,20,160.743901234117,51.1904520113132,married,univ,3
1,60,169.048383198266,59.0081287201292,married,univ,3
0,50,158.81335684409,48.9847245460746,married,univ,2
0,60,156.318600003124,45.0707634454341,married,high,3
1,30,170.627627231865,58.9821387522533,not married,univ,2
1,30,172.148058081487,63.5366906714376,married,high,3
0,40,163.074150626718,51.7002594433231,married,elementary,1
0,50,163.264253295605,53.4498843652991,not married,middle,1
1,30,171.684907388551,60.1888803077983,not married,high,1
0,50,155.420681736952,45.9082810420825,not married,univ,2
0,50,154.952979509886,43.8008257139157,married,univ,2
0,60,158.147273170649,48.0820378723866,married,middle,1
0,30,156.479709337078,46.3495422466872,married,univ,2
1,50,174.017063395605,64.5552096238274,not married,univ,3
0,50,153.966240548963,43.5363557697058,not married,univ,3
0,70,161.770510328537,51.8159700821436,married,univ,2
0,40,153.769028144417,43.8292857624,married,univ,1
1,30,173.636735270233,64.223246633967,not married,univ,3
0,20,159.71195548726,47.6190315897571,married,high,2
0,40,161.407367664907,51.5003057918293,married,high,2
0,20,156.867775766942,47.6785760084141,not married,univ,3
0,40,157.384302671769,49.2983874270691,not married,middle,2
0,70,155.624938113374,45.9404868510839,married,univ,2
1,20,173.336970228669,62.93862890992,not married,univ,3
1,60,171.908818130001,62.0895439762866,married,middle,1
0,30,155.437358752269,44.2824781363233,not married,high,1
0,50,147.445875555702,34.7523618285865,married,univ,2
0,20,152.781723996123,42.1069261507405,not married,high,1
1,30,175.38001437549,63.8018689579522,married,univ,3
1,40,172.64643309559,63.0140251994206,married,high,3
0,20,159.228143431297,48.0942516594204,not married,univ,3
1,20,177.755120565361,71.8485029863661,not married,univ,1
0,20,154.338455320393,44.7916270546163,not married,univ,3
0,30,157.039932263983,46.5383310624296,married,univ,2
0,20,153.261015574554,42.6437057618016,not married,univ,2
1,60,171.103009095209,60.9699419716703,married,middle,2
0,50,155.490497639196,44.3664638338618,married,univ,2
1,30,175.548860719786,64.5253327302362,not married,univ,3
1,20,182.103279691112,73.0052732675749,not married,high,2
0,60,156.345617000569,45.23311654575,married,elementary,1
0,70,160.153648320816,50.4201662444359,married,univ,3
1,20,175.861589234408,67.2400781921726,not married,univ,2
1,20,173.342048924903,64.2710872484271,not married,high,2
1,60,167.88277381508,60.2543099718631,married,univ,3
0,40,157.112822975927,46.8010690942211,married,univ,3
0,20,163.192643414809,53.2507802487338,not married,high,2
0,30,152.550337349579,44.6135766048805,not married,univ,3
1,40,178.493980388051,68.7071813581615,married,univ,2
0,40,162.595407212037,51.753187291427,not married,univ,3
0,50,164.415406747147,54.8319649612131,married,high,1
0,40,158.979769718158,48.0308995731017,married,univ,3
0,40,158.295408470882,47.1332415399185,married,univ,3
1,40,170.750010510062,60.0301633053994,married,univ,3
1,50,166.943112987618,57.9037577239581,married,high,2
0,30,166.114147064471,57.5730161106394,not married,univ,3
1,40,166.477176569931,58.7120464995595,not married,univ,3
1,30,177.258689647838,65.4782596726749,not married,univ,3
0,70,156.590324219931,46.3063909373239,married,univ,3
1,30,169.127297896413,57.4844042998798,not married,high,2
1,50,173.239330401319,64.4975771927081,married,univ,2
0,30,157.318525770536,48.2884315438414,not married,univ,3
1,40,169.635679739919,59.7645580152734,married,univ,2
1,40,180.831562652429,70.4070163398184,married,univ,2
0,50,156.809221869795,47.2208324973358,married,univ,3
0,40,157.376812979174,47.4997858902295,married,univ,3
0,20,165.547176014641,56.4030059128688,not married,univ,3
1,50,174.66630805108,64.2631638763023,married,middle,2
1,30,176.914137692723,65.4423837143449,married,high,3
1,30,169.120017534423,57.330150769363,not married,middle,3
0,30,156.157900272593,45.6775463164821,not married,high,2
1,60,171.609063270747,60.3975565858349,married,elementary,1
1,70,183.513749851039,72.0977981072122,married,univ,3
1,30,171.925530619658,59.3367647299389,not married,univ,3
0,30,157.126665009443,47.0922730698172,not married,univ,3
1,70,173.668747205222,61.9589125291822,married,univ,3
1,60,171.885447637324,62.8011815277302,married,high,2
0,30,155.611382398751,46.5204641353888,not married,high,2
0,20,157.24906887713,46.7624241502612,not married,high,2
0,50,157.292321548484,47.759311334154,married,univ,3
0,70,152.726183772271,42.3008440714488,married,high,1
0,40,155.967698572842,45.3366225085962,not married,high,2
0,50,156.279927414965,46.2973024862253,not married,univ,3
1,30,170.469318770342,60.7927807174245,not married,univ,3
1,40,177.349007681893,66.8212588665269,married,high,2
0,70,149.802368171381,40.2109713920922,not married,univ,3
1,60,175.094355708869,65.2405999716416,married,univ,2
0,60,155.594160761606,45.5663605675372,married,univ,2
0,20,160.032684019793,49.2143340577535,married,univ,1
1,20,174.311621860101,64.6242346671523,not married,univ,2
0,70,160.369300839075,52.9668888613242,married,middle,1
0,70,154.496340142804,44.7019889826601,married,univ,3
0,20,158.161575783191,48.0124848081848,not married,univ,1
1,40,167.934887680814,60.7569419764004,married,univ,3
1,30,167.734104464132,58.5565866758561,not married,univ,2
1,50,171.211591123607,61.114059496178,married,middle,1
0,20,158.463709690314,48.7125670890449,not married,high,1
1,50,177.464440553552,67.68962230987,married,high,2
1,60,168.646706267506,59.3305179943937,married,high,2
1,40,175.92956558925,64.9399323944709,married,middle,2
1,30,183.360454579552,72.3368421767242,not married,univ,3
1,30,168.740230270435,59.4599550953121,not married,middle,1
1,40,179.331205141155,67.7660288607566,married,high,2
1,50,170.443873367078,61.3233710009051,married,high,2
1,30,176.688558570562,68.4372850839279,not married,middle,2
0,50,157.451418239334,48.5322830128884,not married,univ,2
0,40,151.093376475428,41.913837052579,married,high,3
1,30,178.531444557695,69.6401701439002,not married,elementary,1
1,70,177.508906410227,64.8518088306819,married,univ,3
1,60,177.761065562174,69.9858616457897,married,univ,3
0,20,156.985809780529,44.8579447410229,married,high,2
0,20,158.507292367759,48.4226709865541,not married,univ,2
1,30,181.24470159347,71.1988872579145,not married,elementary,1
1,60,170.363420278896,61.8090892897705,married,univ,1
0,50,156.958509821164,47.6669015069737,married,univ,3
1,20,180.611186555533,68.5636105915286,not married,high,1
1,40,172.848148920273,63.2735150826391,not married,high,2
1,20,171.53771179286,65.4189598424502,not married,univ,3
0,20,159.577728257899,46.7446817054139,not married,univ,3
0,40,156.479456241545,46.4996126335514,married,univ,3
0,50,151.672648803023,40.4600189508131,married,univ,3
0,20,157.451957239157,48.3274193195248,married,univ,3
1,20,175.047673794277,63.7885889769637,not married,high,1
1,50,174.789715685778,64.8320068909537,married,univ,2
0,40,150.770006210698,41.2802702245974,married,univ,3
1,40,173.446143242479,62.6595178950005,married,high,1
1,30,171.327798449117,61.6305093112808,married,elementary,1
1,30,174.357969544725,62.5620217027991,not married,high,2
0,20,162.181889281196,53.3373424053479,not married,elementary,1
0,40,156.381673722513,44.5500413276261,married,univ,3
0,30,157.408497572798,45.4212866300307,not married,high,2
0,20,156.422221806082,45.2176269727917,married,univ,2
0,40,150.84831797614,39.9366464883085,married,high,3
0,30,152.179932868187,43.9362356768608,not married,middle,2
1,20,166.961933630894,56.8686398786485,not married,high,1
1,40,176.552831624566,69.6995493479799,married,univ,3
0,40,159.66148764617,48.5952681388313,married,elementary,1
1,30,175.371463298307,62.3908275994571,married,high,3
0,50,154.655976064154,45.5143163182115,not married,elementary,1
1,50,173.878921362143,64.6215099071722,married,high,3
1,20,173.665945581706,62.7305383201602,not married,univ,2
0,30,158.289817755304,48.1733847245477,not married,univ,2
1,30,174.228994253966,68.2809670444941,not married,univ,1
0,30,150.889938864472,40.7866813742085,not married,high,2
0,70,156.316501060224,46.3347240053983,married,univ,2
0,30,159.335555774484,48.8745119469087,not married,middle,1
0,20,154.289046660369,45.6983287986385,not married,univ,2
0,40,157.994120900387,49.1140651876467,married,high,3
1,30,171.062093956735,60.1765811327876,married,univ,2
0,50,156.159896864881,47.015238641449,married,high,2
1,40,169.181112867585,58.724537399399,married,univ,3
1,30,175.305697093723,62.9746584357282,not married,elementary,1
0,20,155.923426445025,44.5848488332691,not married,high,1
1,20,176.134828631942,64.3880653355798,not married,univ,2
0,20,160.06916600039,51.0629723326189,not married,univ,3
1,70,165.070140709042,53.6020304465042,married,univ,3
0,30,155.251953062036,47.2452306352291,not married,univ,3
1,50,177.190234146975,66.5274713848459,married,middle,2
1,60,173.988463286947,63.8016514144824,married,high,2
0,20,155.141877600348,43.8596490178626,married,middle,1
1,30,169.799454803331,62.6855173678356,married,univ,2
0,40,163.043917519066,52.7643276929189,married,univ,2
0,20,160.689802372657,50.9134603044933,married,high,3
0,50,157.536062976159,48.4501931161794,married,univ,3
0,30,156.799192649605,48.5279817949018,not married,high,3
1,30,174.438507369295,65.9524459256449,not married,univ,3
0,20,156.866460760434,47.8564160021827,not married,univ,2
0,20,157.571859355654,46.4960257969761,not married,high,2
1,30,176.889175300275,66.4887771008618,not married,high,2
0,20,160.214480778797,49.2791960606587,not married,high,2
0,20,157.761351203046,48.7565861624999,married,univ,1
1,50,175.878464182937,65.7274666149508,married,univ,2
1,50,169.827418189206,57.4382159871397,married,middle,3
0,30,158.284668139984,49.0041605898537,married,univ,2
1,20,174.506602809171,64.6034549479205,not married,univ,3
1,20,170.896441667541,63.3262950532139,married,high,2
0,30,161.722211978827,51.6624772138686,not married,univ,3
1,70,171.794713468533,61.7904570870289,married,univ,2
0,30,157.430866073691,48.5191464117306,not married,high,2
0,70,157.790197870751,48.9335513020347,married,high,2
1,50,169.91733907021,57.5400715418884,married,high,3
0,30,156.331153813541,45.7237048175316,not married,univ,2
0,50,159.565447726558,50.4122741739029,married,univ,3
0,30,159.198599037782,49.8171422648748,not married,high,2
0,30,151.905425575367,41.8048141421525,not married,high,2
0,20,160.884727832776,50.3157545105792,not married,univ,2
0,30,163.394306211942,53.6198306566271,not married,high,2
1,40,176.894959662927,65.3170361267702,married,univ,3
0,20,151.321162863213,40.7625961892542,not married,univ,2
0,30,154.742211859202,44.2716851425012,not married,univ,3
1,70,171.875515953368,60.4084024313142,not married,high,3
0,50,154.02337275779,42.9713708482223,married,univ,3
1,20,176.920157215806,65.9889726681103,not married,high,1
1,30,182.275430777211,69.5877607215988,married,univ,2
1,40,168.299799197625,58.0488742214723,married,univ,3
1,30,175.700527972399,63.8495475245051,not married,middle,2
1,20,179.48500071049,68.1448414002992,not married,univ,3
1,40,175.786971116036,64.8556982831481,married,univ,3
0,20,153.913373916323,43.4446962408537,not married,univ,3
0,50,153.385688695059,42.5806517904246,married,univ,3
0,20,155.77593063477,45.7008993580869,not married,middle,2
1,70,165.807222178903,54.1685868391996,married,high,1
0,50,157.325911342019,47.578180409503,not married,univ,3
0,20,159.84806670092,48.9740592038565,not married,univ,3
1,40,176.495716366784,65.7063319613665,married,univ,3
1,50,175.642320292235,63.6167964810514,married,middle,3
0,40,155.399266679243,45.0105680820092,not married,univ,3
1,30,176.737653622163,67.6935472415508,not married,middle,3
0,40,157.258662137447,47.9113789747412,not married,middle,3
1,60,172.562624270606,66.6007699429164,married,high,2
1,20,174.246380383398,65.680710071592,not married,high,1
1,30,173.504953344354,63.6591902968652,not married,high,2
1,70,173.438979527944,65.0691175515521,married,univ,2
0,20,154.491417361461,43.3292102537932,not married,univ,3
0,30,150.891462417539,41.3309782147957,married,high,1
0,30,156.290176694794,45.813414126757,not married,middle,2
0,40,153.028086612629,42.1894818359139,married,univ,2
0,40,153.812239607328,44.578099996913,married,univ,3
1,40,171.907560332393,62.7895161217144,not married,univ,3
1,50,169.855710151038,57.3782300593141,married,univ,2
1,20,175.624572850708,65.0091585742587,married,univ,2
1,20,164.671216721372,56.9649982251041,not married,univ,3
1,50,177.58146190864,66.7065025656926,married,univ,3
0,50,160.138356261216,50.691244049344,not married,univ,3
1,30,181.404549526954,73.474426788736,married,middle,1
0,30,157.409367900066,47.7933750522079,not married,high,2
1,20,170.534191230091,64.6523056393426,not married,middle,1
1,40,180.20305637922,71.4217081925153,not married,univ,3
1,70,172.904945429723,65.2512094669054,married,univ,2
0,60,161.158658307468,53.3553371996524,married,high,2
0,20,158.735733885562,49.3327889016588,not married,univ,3
0,20,155.220945382818,47.6305548418009,not married,high,1
0,20,157.043307229047,47.7841839893582,married,univ,3
0,20,158.385885532403,48.1346995251341,not married,high,2
1,50,174.412868127212,62.3476887049775,not married,high,1
0,40,159.081429903544,47.6630176177307,not married,univ,3
0,30,158.464946699066,48.5750814001388,not married,middle,2
1,70,177.327138447402,66.4763184808802,married,univ,3
1,40,170.044697195029,58.9389018653994,married,high,2
0,30,158.06056219293,48.0028952507126,not married,high,1
1,40,177.003727817019,67.0895801840726,married,univ,2
1,40,181.248889398421,70.775065293334,married,high,2
0,20,163.110217458478,55.4427464603332,not married,univ,3
1,30,175.59494233914,63.3813769509494,not married,high,2
0,30,155.061735996698,44.1550208292608,not married,univ,3
0,20,158.945314879508,48.1676159403505,not married,univ,3
0,50,148.725555948275,37.6154734466762,married,univ,2
0,20,162.532975499639,51.5101124866332,married,high,2
1,20,178.750331233505,72.800053714021,married,high,2
0,50,159.45921750328,48.6452259843445,not married,univ,3
0,20,160.980112221975,52.1306097429347,married,univ,2
0,50,161.064294637119,51.0509486804745,married,univ,3
0,40,155.603935796219,45.7687809679286,married,high,2
0,40,154.894867977499,44.8614142811083,not married,univ,3
0,60,150.759745632335,40.9961405601032,married,high,2
0,20,153.27463812664,45.0448091313799,not married,univ,2
0,70,156.176478828439,46.2570943210221,not married,univ,3
0,50,157.530981234116,47.1163755229078,married,univ,1
0,50,153.946531322797,45.3380884747752,married,univ,2
1,40,179.909044688873,70.0169210941473,not married,univ,3
1,50,168.655924836722,59.6303510887469,married,univ,3
1,20,167.863878884306,56.5510365611322,not married,univ,2
1,20,178.384250071019,69.9538132485634,not married,univ,2
1,50,174.573304052879,65.9481745564351,married,univ,3
0,30,154.669597625658,44.1222374168953,not married,univ,2
0,30,154.48409963528,44.4696119887925,not married,high,3
0,30,163.000096090353,53.6068646715064,not married,high,1
1,70,173.798334470183,65.6755378633191,married,univ,2
1,50,166.53762362381,56.6820129884277,married,univ,3
0,40,155.627055731331,46.4601304920911,married,univ,3
0,40,155.649242903375,45.8159391631173,married,high,2
0,40,151.637671349796,41.948703377056,married,high,2
0,50,155.557089268038,45.4383250572613,married,univ,3
1,20,167.790840780919,54.9471014558132,not married,univ,3
1,50,169.819878173662,55.8570828733397,married,univ,1
1,50,175.629993109709,68.3953957676764,married,univ,3
0,40,155.180615291464,44.3755358690809,married,univ,2
0,60,150.322627054862,39.9763355461903,married,univ,3
1,50,167.983070209144,61.8404984294286,married,high,1
1,20,167.024086466951,54.1606572218209,married,univ,3
1,40,172.729447080863,63.6628235582281,married,univ,2
1,60,177.814424553191,67.1248087884117,married,middle,1
0,50,155.289432372602,44.1975251270492,married,univ,3
0,60,151.784356754616,42.8221814213034,married,middle,3
0,40,161.822026691349,51.0764907090317,married,univ,2
0,20,150.918014575642,41.0884157428647,not married,univ,1
1,40,178.702924933843,68.9603254575188,married,univ,3
1,20,168.809360650922,58.0720965979866,not married,high,3
0,30,160.398459549063,50.8107277226045,not married,univ,2
0,30,156.279109223162,46.3955854217739,not married,univ,2
0,50,154.875997818203,44.3111009184261,married,univ,3
0,60,157.551003040629,47.4439264340201,married,elementary,3
1,20,175.735307168897,67.2064613231859,not married,middle,3
0,40,159.676604132589,48.7808233650615,married,univ,3
1,30,171.43578431573,62.905952739787,not married,univ,1
0,50,159.131783193901,49.4360813359994,married,univ,3
1,40,175.260496688917,66.7001715759252,married,univ,3
0,50,157.070533917752,46.6189931635077,not married,high,1
1,40,175.022249814744,63.4626300505797,married,univ,3
0,70,158.741206485812,48.5261855160024,married,high,1
0,30,155.913872629736,46.9761061879489,not married,univ,3
0,40,152.675939564368,43.1572347333853,married,high,2
1,30,171.271678234245,59.6897608258974,not married,univ,2
0,30,157.581275717819,48.3029231433591,married,elementary,1
1,40,178.703356984812,65.5692932136502,married,univ,3
1,40,178.581847018501,70.1915305073772,married,univ,3
1,50,176.047868933575,64.0473411154471,married,middle,1
0,40,154.906317422622,43.3481037546436,not married,elementary,1
0,40,156.693808453474,46.4060707609437,not married,univ,2
1,50,171.286591731611,63.5893243000682,married,univ,1
0,20,160.139882774856,49.6011212940828,married,high,3
0,40,157.405962529383,46.7015005337864,married,high,2
0,30,157.287337443871,46.8907990068484,not married,elementary,3
1,60,164.569779922142,55.0461924480701,married,high,3
0,50,158.052279308981,46.4281215757344,not married,univ,1
1,20,165.609246868989,56.7803510949431,not married,elementary,1
1,40,173.643165620608,64.7814718779055,married,univ,3
0,30,151.795999626483,41.641627233293,married,univ,2
1,50,172.552920130452,59.7685315670175,married,high,3
1,40,178.346226382451,66.4065940629743,married,elementary,1
0,50,159.407643905443,48.5346808371951,not married,univ,3
0,30,153.20841824388,43.0388996902918,married,high,2
1,30,174.13680536178,66.2904227216524,not married,high,2
0,50,153.506760678203,43.5660544936694,married,high,2
1,20,172.275111472932,61.5494449591889,not married,univ,3
1,50,177.247592367157,66.6008032455929,married,univ,2
1,60,165.568769526714,56.8161215341438,married,univ,3
0,70,152.993295525458,41.1395477485557,married,elementary,1
1,40,176.134970180215,64.8167504240176,married,high,1
1,20,174.400437021332,65.6856971856838,not married,univ,3
0,30,156.354322186142,46.5123625508154,not married,high,2
0,20,153.018389273996,40.0229850580739,not married,univ,3
1,50,178.35885822867,69.2013980756513,married,high,1
0,40,157.626086116098,46.9738869086991,married,univ,2
0,40,148.489713591348,40.5086211506381,married,univ,3
0,70,154.10610165383,43.0756762567471,married,univ,3
0,60,153.923190223161,44.357899068195,married,high,1
1,50,169.362257112392,59.1318615652174,not married,univ,2
1,50,175.206529688035,64.534488847069,married,univ,2
0,40,149.830967538099,39.9601647847864,married,univ,3
1,30,170.019560631607,59.1342591431129,not married,univ,1
0,50,153.89596827736,42.9432017932476,not married,high,2
1,50,168.441748455085,57.9032512852206,not married,univ,3
1,40,165.760668996795,54.658541085395,not married,univ,3
1,30,177.25325314495,65.1516615683383,not married,univ,3
0,40,153.603430675175,41.61302512846,married,middle,2
0,20,154.444238529843,46.1103123270186,not married,univ,3
1,40,170.823332737729,62.6455102080128,married,univ,3
0,40,156.68582091493,45.9744168691647,married,univ,3
0,20,158.488993935248,48.3779604470785,not married,univ,3
1,30,177.76528899083,67.9555102495726,married,high,2
0,40,160.695347589201,50.828547491812,married,univ,3
1,30,171.091679484073,58.9267321943396,not married,high,2
0,60,156.24352907501,46.4418628835078,married,high,2
0,30,155.860933299021,44.9120919920262,not married,high,2
1,60,179.241826257883,70.1964778604695,married,univ,3
0,20,156.377237880931,46.7521126050298,not married,high,2
1,50,175.900025098943,65.337466929029,not married,high,2
1,40,170.75756443071,61.9362805731444,not married,univ,3
1,50,172.45722019268,63.3616414666868,not married,high,3
0,20,157.325776092002,46.2336096971654,not married,middle,2
0,50,161.50233909859,50.0335821823065,married,univ,2
0,40,156.496880032881,47.4856396485047,married,high,1
1,30,169.169898367621,60.0716206659377,not married,middle,2
0,40,155.863958087887,46.973608090153,married,univ,3
0,20,149.19889875219,39.2077729940407,not married,univ,2
1,50,179.266643473853,67.2005550568563,not married,univ,2
0,30,157.621559159377,47.8843400981698,not married,high,3
0,40,157.943866860706,48.7987444445901,married,high,2
0,50,155.645907726258,44.4824039303759,not married,univ,3
0,20,159.812944528947,49.3527955433907,not married,univ,3
0,50,155.127208565489,45.4034952183584,married,univ,3
0,30,160.141392593682,49.417625930717,not married,univ,1
1,70,166.857273476457,57.2313931003434,married,high,1
0,60,152.494289332472,43.3335183880816,married,univ,2
0,60,150.28555510657,39.6693496672516,married,univ,3
0,40,155.465667849118,44.7955198252019,married,high,2
1,40,169.738242770899,63.9784810553059,married,middle,3
0,50,147.633056295738,38.7722681813715,married,high,3
1,50,173.729360048105,62.984968773601,not married,univ,3
1,60,177.720186177036,68.2690570543765,married,univ,2
0,60,155.209032518308,44.435549233753,married,univ,2
0,50,156.794370705248,47.38472182955,married,high,2
1,30,171.313062487027,63.2789139454365,not married,univ,2
0,30,156.709377248241,47.1859832537159,not married,middle,2
1,20,170.858824754734,62.5966085481335,not married,high,1
0,50,157.6575355983,46.6527127199335,married,univ,3
1,50,175.406892768974,64.8166443134157,married,univ,2
0,50,159.568027113559,48.0859716290132,married,middle,3
0,50,158.709961332138,48.0644973595768,not married,high,2
0,70,148.951372524231,39.7098320916591,married,univ,2
0,40,150.656841004631,41.1890640826745,married,high,2
0,30,157.025579569949,47.0702687477367,not married,middle,1
1,60,176.956527563394,64.6964693577862,married,elementary,3
1,20,172.60011507612,64.7446955050708,not married,high,1
0,30,155.009425308875,43.460251219012,not married,univ,3
1,40,175.275182695189,63.8812169054979,not married,univ,2
1,70,171.857307786441,62.5292024668772,married,univ,2
1,50,175.63435303145,65.271163826002,married,univ,3
0,60,150.026184233432,38.9901872196858,married,high,2
1,30,174.407374592171,64.5531633857893,not married,univ,2
0,70,153.437505505848,44.1397788743653,married,high,2
0,50,156.08464086424,45.4603769821549,married,univ,2
0,70,156.75327998143,47.5814144468964,married,univ,3
1,50,166.590928625823,59.9796053348635,married,univ,1
1,50,172.163468485646,61.70386240952,not married,middle,2
0,40,154.198367050091,44.969433073356,married,univ,1
0,40,155.526218281119,45.6838143886101,married,univ,3
1,20,171.498468481609,62.3493934343291,not married,middle,3
0,40,154.355348551961,43.2984983981849,married,univ,3
1,20,173.691726047729,60.6367843396508,not married,middle,2
1,20,172.080853931633,62.9376997816253,not married,univ,2
0,50,154.439922665406,44.4269995928239,married,high,1
1,40,174.411254682101,66.633571830672,not married,high,2
1,30,174.381970889599,61.5694716962947,not married,univ,2
1,50,173.932733248398,64.7326705861795,married,elementary,1
